,Red Completa,Red Importantes
Nodos,429.0,75.0
Aristas,4194.0,217.0
Grado promedio,19.552447552447553,5.786666666666667
Coeficiente de clustering,0.04666094589391991,0.07951322751322752
Camino largo promedio,2.3449012047142888,2.6209009009009008
Diámetro,4.0,5.0
